<application>
  <component name="FileTypeManager" version="17">
    <extensionMap>
      <mapping pattern="restauraunt" type="CLASS" />
      <mapping pattern="Resto" type="CLASS" />
      <mapping pattern="d" type="CLASS" />
      <mapping pattern="BreakFast" type="JAVA" />
      <mapping pattern="k" type="JAVA" />
      <mapping pattern="resto" type="JAVA" />
      <mapping pattern="file1" type="JAVA" />
      <mapping pattern="interface" type="PLAIN_TEXT" />
    </extensionMap>
  </component>
</application>